num_keys, runtime(s)
5000, 0.002018
10000, 0.003706
15000, 0.005198
20000, 0.006868
25000, 0.007895
30000, 0.009348
35000, 0.010886
40000, 0.012207
45000, 0.013694
50000, 0.015211
55000, 0.016689
60000, 0.018212
65000, 0.019725
70000, 0.021665
75000, 0.022724
80000, 0.024221