num_keys, runtime(s)
5000, 0.084936
10000, 0.173786
15000, 0.268627
20000, 0.401272
25000, 0.564252
30000, 0.723107
35000, 0.910417
40000, 1.134617
45000, 1.348897
50000, 1.588417
55000, 1.857882
60000, 2.140010
65000, 2.435805
70000, 2.748333
75000, 3.109078
80000, 3.436484
85000, 3.823248
90000, 4.214846
95000, 4.606021
100000, 5.020850
