num_keys, runtime(s)
2000, 0.035263
4000, 0.062225
6000, 0.099178
8000, 0.138304
10000, 0.173662
12000, 0.220000
14000, 0.254677
16000, 0.306761
18000, 0.358769
20000, 0.418195
22000, 0.472645
24000, 0.544633
26000, 0.604638
28000, 0.666545

