num_keys, runtime(s)
2000, 0.071668
4000, 0.183879
6000, 0.296967
8000, 0.414756
10000, 0.531606
12000, 0.665884
14000, 0.794509
16000, 0.932131
18000, 1.153899
20000, 1.438641
22000, 1.721037
24000, 2.000362
26000, 2.274666
28000, 2.583893
30000, 2.844639
32000, 3.195697
34000, 3.546411
36000, 3.934705
38000, 4.398576
40000, 4.842541
42000, 5.331760
44000, 5.809115
46000, 6.227248
48000, 6.654490
50000, 7.216817
