num_keys, runtime(s)
5000, 0.072909
10000, 0.153749
15000, 0.235758
20000, 0.351066
25000, 0.487101
5000, 0.073642
10000, 0.155425
15000, 0.238016
20000, 0.351962
25000, 0.499216
30000, 0.633192
35000, 0.788910
40000, 0.979520
45000, 1.166385
50000, 1.372640
55000, 1.608183
60000, 1.845952
65000, 2.075086
70000, 2.348638
75000, 2.658773
80000, 2.986612
85000, 3.313431
90000, 3.661754
95000, 3.995733
100000, 4.364133
