num_keys, runtime(s)
2000, 0.071373
4000, 0.178409
6000, 0.296996
8000, 0.418798
10000, 0.535080
12000, 0.653094
14000, 0.776488
16000, 0.932268
18000, 1.141907
20000, 1.416261
22000, 1.723876
24000, 2.018349
26000, 2.291331
28000, 2.558090
30000, 2.895343
32000, 3.181983
34000, 3.509225
36000, 3.928082
38000, 4.405226
40000, 4.872672
42000, 5.307249
44000, 5.756683
46000, 6.157527
48000, 6.683491
50000, 7.149690