num_keys, runtime(s)
2000, 0.102923
4000, 0.257730
6000, 0.426920
8000, 0.598831
10000, 0.767577
12000, 0.943154
14000, 1.121016
16000, 1.336845
18000, 1.631796
20000, 2.010143
22000, 2.424384
24000, 2.827399
26000, 3.252667
28000, 3.670103
30000, 4.068231
32000, 4.505450
34000, 4.995721
36000, 5.579058
38000, 6.229200
40000, 6.898909
42000, 7.547626
44000, 8.194561
46000, 8.843697
48000, 9.505114
50000, 10.216452


