num_keys, runtime(s)
2000, 0.102967
4000, 0.257527
6000, 0.429375
8000, 0.600378
10000, 0.770061
12000, 0.940062
14000, 1.120460
16000, 1.339093
18000, 1.632805
20000, 2.008588
22000, 2.438102
24000, 2.843846
26000, 3.247311
28000, 3.656248
30000, 4.079518
32000, 4.513676
34000, 5.007235
36000, 5.594509
38000, 6.220605
40000, 6.878830
42000, 7.536712
44000, 8.193526
46000, 8.851258
48000, 9.531022
50000, 10.222909


