num_keys, runtime(s)
2000, 0.050376
4000, 0.119074
6000, 0.191685
8000, 0.267676
10000, 0.340342
12000, 0.415221
14000, 0.488548
16000, 0.580383
18000, 0.699160
20000, 0.844353
22000, 0.996649
24000, 1.193257
26000, 1.316669


