num_keys, runtime(s)
5000, 0.010204
10000, 0.019869
15000, 0.029674
20000, 0.039493
25000, 0.049304
30000, 0.059104
35000, 0.068887
40000, 0.078774
45000, 0.088484
50000, 0.098344
55000, 0.108172
60000, 0.118109
65000, 0.127714
70000, 0.137752
75000, 0.147378
80000, 0.157255

