num_keys, runtime(s)
10, 0.004833
20, 0.001646
30, 0.004304
40, 0.004787
50, 0.002370
60, 0.003026
70, 0.004815
80, 0.003935
90, 0.003697
100, 0.004079