num_keys, runtime(s)
5000, 0.156657
10000, 0.341761
15000, 0.534636
20000, 0.843532
25000, 1.231786
30000, 1.622627
35000, 2.079342
40000, 2.660393
45000, 3.258293
50000, 3.870424
55000, 4.622382
60000, 5.414925
65000, 6.218992
70000, 7.141172
75000, 8.131240
80000, 9.124585
85000, 10.178057
90000, 11.368224
95000, 12.598718
100000, 13.788537
