num_keys, runtime(s)
2000, 0.029823
4000, 0.075289
6000, 0.125484
8000, 0.173922
10000, 0.222219
12000, 0.274139
14000, 0.325395
16000, 0.387078
18000, 0.469395
20000, 0.582977
22000, 0.695708
24000, 0.814128
26000, 0.939911
28000, 1.052596
30000, 1.173228
32000, 1.285328
34000, 1.435915
36000, 1.593936
38000, 1.766613
40000, 1.974459
42000, 2.166060
44000, 2.335516
46000, 2.521873
48000, 2.716686
50000, 2.913336
