num_keys, runtime(s)
2000, 0.029891
4000, 0.074514
6000, 0.124326
8000, 0.172806
10000, 0.222028
12000, 0.271346
14000, 0.325674
16000, 0.387177
18000, 0.470109
20000, 0.583063
22000, 0.698883
24000, 0.809149
26000, 0.925779
28000, 1.042638
30000, 1.175080
32000, 1.282076
34000, 1.436059
36000, 1.595325
38000, 1.781522
40000, 1.992042
42000, 2.164880
44000, 2.310237
46000, 2.522144
48000, 2.739288
50000, 2.906335