num_keys, runtime(s)
5000, 0.085171
10000, 0.223750
15000, 0.321643
20000, 0.558071
25000, 0.696347
30000, 0.967347
35000, 1.176814
40000, 1.619002
45000, 1.886012
50000, 2.514621
55000, 2.180671
60000, 3.217290
65000, 2.919235
70000, 4.678811
75000, 5.133211
80000, 4.288984
85000, 7.433698
90000, 5.243821
95000, 8.502579
100000, 6.324641
