num_keys, runtime(s)
2000, 0.111341
4000, 0.266219
6000, 0.451132
8000, 0.617694
10000, 0.797165
12000, 0.974577
14000, 1.157284
16000, 1.387843
18000, 1.690700
20000, 2.194889
22000, 2.577735
24000, 2.942086
26000, 3.374644
28000, 3.914874
30000, 4.264986
32000, 4.700959
34000, 5.335391
36000, 5.857565
38000, 6.459571
40000, 7.415948
42000, 8.081845
44000, 8.641537
46000, 9.303447
48000, 10.121648
50000, 10.573536


