num_keys, runtime(s)
5000, 0.083266
10000, 0.217822
15000, 0.307349
20000, 0.479756
25000, 0.648708
30000, 0.890910
35000, 1.063679
40000, 1.454819
45000, 1.703221
50000, 2.269299
55000, 1.886541
60000, 2.793479
65000, 3.817350
70000, 2.805300
75000, 4.406850
80000, 3.529034
85000, 6.608475
90000, 4.334576
95000, 7.472900
100000, 5.192047