num_keys, runtime(s)
5000, 0.002362
10000, 0.003867
15000, 0.005271
20000, 0.007296
25000, 0.007700
30000, 0.009072
35000, 0.010558
40000, 0.018757
45000, 0.019967
50000, 0.014385
55000, 0.015741
60000, 0.017189
65000, 0.018603
70000, 0.033373
75000, 0.034633
80000, 0.022874

