num_keys, runtime(s)
2000, 0.111364
4000, 0.272034
6000, 0.452479
8000, 0.622941
10000, 0.801666
12000, 0.996175
14000, 1.176872
16000, 1.404399
18000, 1.705037
20000, 2.111072
22000, 2.534459
24000, 2.944125
26000, 3.402699
28000, 3.837198
30000, 4.269114
32000, 4.705669
34000, 5.246566
36000, 5.880547
38000, 6.494003
40000, 7.259316
42000, 7.902699
44000, 8.543966
46000, 9.167152
48000, 9.923132
50000, 10.526590
