num_keys, runtime(s)
2000, 0.042111
4000, 0.088025
6000, 0.136779
8000, 0.195299
10000, 0.248045
12000, 0.309303
14000, 0.343445
16000, 0.428895
18000, 0.529620
20000, 0.587118
22000, 0.639844
24000, 0.777550