num_keys, runtime(s)
10, 0.008091
20, 0.005550
10, 0.008909
20, 0.014387
30, 0.019449
40, 0.019514
50, 0.018041
60, 0.024036
70, 0.025200
80, 0.042258
90, 0.028876
100, 0.033449
