num_keys, runtime(s)
5000, 0.356917
10000, 0.753482
15000, 1.049399
20000, 1.880230
25000, 2.945957
30000, 4.047555
35000, 4.855763
40000, 6.665832
45000, 8.705760
50000, 10.407603
55000, 12.311540
60000, 14.820431
65000, 15.679701
70000, 19.849153

