num_keys, runtime(s),tput(op/s)
500, 2.071752, 241.341603
1000, 4.109525, 243.337107
1500, 6.170101, 243.107834
2000, 8.224848, 243.165581
2500, 10.280472, 243.179485
3000, 12.316369, 243.578275
3500, 14.371938, 243.530142
4000, 16.423344, 243.555763
4500, 18.465267, 243.700784
5000, 20.508594, 243.800237

