num_keys, runtime(s),tput(op/s)
500, 2.150952, 232.455157
1000, 4.274168, 233.963668
1500, 6.479294, 231.506689
2000, 8.525001, 234.604083
2500, 10.595554, 235.948018
3000, 12.825180, 233.914838
3500, 14.779678, 236.811653
4000, 16.875188, 237.034394
4500, 18.982473, 237.060794

