num_conns, get_tput, set_tput, get_lat, set_lat 
2, 5351.90, 5351.90, 0.70246, 0.75083 
4, 5776.98, 5776.98, 1.32560, 1.42612 
6, 5405.35, 5405.35, 2.25558, 2.18799 
8, 6476.48, 6476.48, 2.82850, 2.92298 
10, 5861.41, 5861.41, 3.56214, 3.53414 
12, 6057.95, 6057.95, 4.78816, 4.46397 
14, 6308.53, 6308.53, 5.21523, 5.18059
16, 6850.35, 6850.35, 7.67562, 7.53938 
18, 4496.51, 4496.51, 11.48951, 12.16595 
20, 